customer_unique_id,recency,frequency,monetary,avg_monetary,avg_items_per_order,avg_freight_per_order,avg_installments,avg_review_score,pct_orders_with_review,customer_state,customer_city,unique_product_categories,unique_sellers,cluster
001f3c4211216384d5fe59b041ce1461,521,1,35.84,35.84,1.0,10.96,3.0,3.0,1.0,SP,sao paulo,1,1,2
00651d97d964127ccfc0e2e55464876d,177,1,23.72,23.72,1.0,8.72,1.0,1.0,1.0,SP,campinas,1,1,1
00aafcd186fbd5da867f9b8df04518aa,188,1,132.48,132.48,1.0,15.57,2.0,1.0,1.0,RJ,bom jesus do itabapoana,1,1,1
0129d48dce554d95f641d01eaa88904a,160,1,1429.59,1429.59,1.0,39.59,5.0,5.0,1.0,SP,sao bernardo do campo,1,1,1
019ac5580a897d52e5ed6f7ed89ade27,351,1,4011.57,1337.19,2.0,16.73,1.0,5.0,1.0,SP,sumare,1,1,1
01bbbfc56b8ec1052e46f260226e34f9,142,1,942.1200000000001,314.04,2.0,24.69,1.0,5.0,1.0,RJ,rio de janeiro,1,1,1
021109bdb16fa17c2463cab87da314f3,224,1,159.7,159.7,1.0,58.9,2.0,1.0,1.0,SP,campinas,1,1,1
02d7cc0037bb3563ed6bf98c5b0d9f0c,314,1,29.09,29.09,1.0,14.1,2.0,3.0,1.0,RJ,niteroi,1,1,1
02fc5276df6dd1ff4901e5eb9efdbb92,271,1,83.23,83.23,1.0,16.23,1.0,5.0,1.0,RJ,itaperuna,1,1,1
0349c4f5811eb0c1f2a56f459cbd962f,451,1,114.35,114.35,1.0,21.45,5.0,5.0,1.0,AL,rio largo,1,1,1
0367dccc4908227b00b0ca2371f31a0d,23,1,37.79,37.79,1.0,12.84,1.0,5.0,1.0,SP,roseira,1,1,1
03f3956529aac8ab54669986dbccdea5,271,1,758.29,758.29,1.0,43.99,10.0,5.0,1.0,DF,brasilia,1,1,1
043bf08714e3d2649e99956601f2dacb,36,1,73.49,73.49,1.0,23.5,1.0,4.0,1.0,SP,salto,1,1,1
04c83639f720ad66ffb6b8ba9afca9d6,470,1,152.39,152.39,1.0,17.39,2.0,4.0,1.0,MT,querencia,1,1,1
05205c3546aefb9ac9436fed99f92af1,476,1,219.89,219.89,1.0,19.99,3.0,5.0,1.0,RJ,rio de janeiro,1,1,1
05d814587e80f2e2846c144d4fb511bc,26,1,281.84,140.92,1.5,18.46,3.0,1.0,1.0,RS,santa maria,1,1,1
07212b6b20c842faac31170b9dfd66e6,471,1,256.43,256.43,1.0,16.43,4.0,5.0,1.0,MG,sapucai-mirim,1,1,1
076b7055bea51da430d6a6fa054e5075,439,2,334.65999999999997,55.776666666666664,1.0,13.143333333333333,1.0,5.0,1.0,SP,praia grande,1,2,1
08285c6499b42230cd7a9e5bd0242164,79,1,1322.69,1322.69,1.0,23.04,6.0,4.0,1.0,MG,vicosa,1,1,1
083e578b18c8717ecbc7fa41c6e6a6aa,126,1,44.13,44.13,1.0,15.23,1.0,5.0,1.0,SP,santo andre,1,1,1
0880913b39e936f30515d7f65f0a8f34,173,1,130.45,130.45,1.0,15.55,1.0,5.0,1.0,RJ,cabo frio,1,1,1
08f041f800243ff79ecdea1d75f58519,169,1,177.03,177.03,1.0,27.13,5.0,5.0,1.0,SP,suzano,1,1,1
0b63b24d8169708a441e38f95f44f3ff,292,1,87.36,87.36,1.0,9.36,2.0,5.0,1.0,SP,sao caetano do sul,1,1,1
0bd4d2600b49eb951489ebc82723a4e6,60,1,112.77,112.77,1.0,52.77,2.0,5.0,1.0,MA,acailandia,1,1,1
0cbaa74a511e52c7470f2c85f2ebd559,136,1,352.02,352.02,1.0,17.22,5.0,4.0,1.0,MG,belo horizonte,1,1,1
0d089f131fe082d4654d095e6faab24d,175,1,74.17,74.17,1.0,15.17,3.0,4.0,1.0,PR,colombo,1,1,1
0d0f7471391c3a72f18f22c34fc5187e,135,1,268.62,268.62,1.0,19.62,2.0,5.0,1.0,RS,porto alegre,1,1,1
0d51034f3d6811dfd6c73b6b0f328a80,280,1,41.75,41.75,1.0,11.85,1.0,3.0,1.0,SP,sao paulo,1,1,2
0d7ec9878ebe4e77c961f11487598826,186,1,90.88,90.88,1.0,20.98,1.0,5.0,1.0,PR,reboucas,1,1,1
0e52738954708662c0a58b74fe60347b,23,1,195.54,195.54,1.0,25.54,1.0,5.0,1.0,SP,embu das artes,1,1,1
0e922f6fc526a5e89ae5b96df681a792,537,1,85.6,85.6,1.0,15.7,4.0,5.0,1.0,SP,vargem grande paulista,1,1,1
0e99adb68574d4968821814b9610ec23,259,1,111.73,111.73,1.0,26.73,1.0,4.0,1.0,CE,fortaleza,1,1,1
0f12bdaf9d46e2e4915c3b24c73f3ac5,76,1,89.36,89.36,1.0,19.46,3.0,5.0,1.0,PR,curitiba,1,1,1
0ff6bebd4c4327455d347885e2697876,129,1,44.42,44.42,1.0,14.43,1.0,1.0,1.0,SP,guaruja,1,1,1
10e640a7ba92ae8164a1f2adba8bf44c,270,1,130.57,130.57,1.0,25.57,3.0,4.0,1.0,SP,santa cruz das palmeiras,1,1,1
10ef6779ad649bb93e9560b52376b24e,412,1,75.62,75.62,1.0,25.63,3.0,5.0,1.0,PE,santa cruz do capibaribe,1,1,1
114903a9f147091c3040d8f987653aba,197,1,89.67,89.67,1.0,12.67,1.0,4.0,1.0,SP,mogi das cruzes,1,1,1
1183d9b6d934edb97b5dce5cb4f33b19,7,1,108.72,108.72,1.0,18.73,4.0,4.0,1.0,MG,taiobeiras,1,1,1
11f4e46d548c0f96c60475576a0f6636,333,1,213.65,213.65,1.0,27.84,1.0,4.0,1.0,RS,porto alegre,1,1,1
13df7eb64b9577ce07a5e767e24bbe64,270,1,118.1,118.1,1.0,38.11,1.0,4.0,1.0,MA,sao luis,1,1,1
14b7cfde02a83da4d098a3e8759410fd,415,1,328.67,328.67,1.0,78.77,1.0,5.0,1.0,RJ,rio de janeiro,1,1,1
150d2217d7f67951f850be5a7443991b,37,1,65.1,65.1,1.0,37.11,1.0,5.0,1.0,PE,santa maria da boa vista,1,1,1
159bbeaf58e0b4c5cdca4d998d669fdc,15,1,96.67,96.67,1.0,17.68,3.0,5.0,1.0,SP,sao paulo,1,1,2
15fc5d8f3858da7a686a4f18230fda43,511,1,192.56,192.56,1.0,22.66,5.0,2.0,1.0,SP,guarulhos,1,1,1
165b35b18144852e474ba63cc621060f,322,1,647.54,647.54,1.0,37.54,1.0,5.0,1.0,SP,campinas,1,1,1
1905e93efce7230225a12a8b9ce1238c,204,1,102.72,102.72,1.0,19.82,1.0,3.0,1.0,MG,leopoldina,1,1,1
1919fb82dae2c979073d9340a3ed9c84,171,1,341.02,341.02,1.0,16.02,1.0,5.0,1.0,DF,brasilia,1,1,1
19f67f29e98ad51ae3d788625e10c038,486,1,46.42,46.42,1.0,14.52,4.0,5.0,1.0,RJ,rio de janeiro,1,1,1
1a224a54793429260e63146ddaa7a036,315,1,427.28,213.64,1.5,17.37,2.0,1.0,1.0,PR,campo largo,2,2,1
1aecc1804f168ed275ad536517843133,216,1,134.43,134.43,1.0,9.44,4.0,4.0,1.0,MG,contagem,1,1,1
1b6c7548a2a1f9037c1fd3ddfed95f33,189,7,9705.78,138.654,1.2,16.591,1.0,5.0,1.0,MG,ituiutaba,5,6,1
1b8e32b9748d27829b9e496dc8622630,317,1,92.8,92.8,1.0,22.81,1.0,2.0,1.0,PI,teresina,1,1,1
1b9b716b2ec99bd330c1807d54418b46,385,1,61.8,61.8,1.0,11.85,6.0,5.0,1.0,SP,sao paulo,1,1,2
1b9d0a0c0fd5211ae01a554419120554,135,2,177.6,44.4,1.0,10.649999999999999,1.0,4.5,1.0,SP,pirapora do bom jesus,1,1,1
1c8cabeb197637a735759ca135fcc0af,106,1,221.78,221.78,1.0,21.79,5.0,5.0,1.0,SP,sao paulo,1,1,2
1d95a47c2206919e1de2f8ff91065d20,544,2,203.44,50.86,1.0,10.96,1.0,4.5,1.0,SP,sao paulo,1,1,2
1e8a97df3746751676f7f65e4748ae3c,133,1,109.56,54.78,1.5,8.64,1.0,5.0,1.0,PR,curitiba,1,1,1
1ea622900e01800560a43bf44dd98a80,177,1,244.95,244.95,1.0,22.05,1.0,5.0,1.0,GO,rio verde,1,1,1
1eb6f015c37dc8e3f5b531fbca809a49,103,1,1843.85,1843.85,1.0,44.85,10.0,1.0,1.0,PR,curitiba,1,1,1
1f9e0baeb7855a52bc3106527c4f9276,205,1,47.62,47.62,1.0,17.63,4.0,5.0,1.0,PE,recife,1,1,1
1fc21efb0168e17836ceb0b8ecde05a6,370,1,66.23,66.23,1.0,15.98,1.0,5.0,1.0,SP,sao paulo,1,1,2
20d87b86d8f0645f20c1f14d25bdcc78,384,1,32.0,32.0,1.0,15.1,1.0,5.0,1.0,RS,sao gabriel,1,1,1
2193e4ab01b6fa3e74f72f2a4ab26690,323,1,105.71,105.71,1.0,17.86,5.0,4.0,1.0,GO,goiania,1,1,1
22035e352538b10d3335968ebc3280f1,196,1,350.18,350.18,1.0,21.18,8.0,5.0,1.0,SP,sao joaquim da barra,1,1,1
22368ffd50b3053231db9241f9d3b1fb,107,1,42.11,42.11,1.0,7.39,1.0,5.0,1.0,SP,indaiatuba,1,1,1
2348b4de1e01715cab039ba3ce2dad8b,359,1,87.82,87.82,1.0,7.82,3.0,4.0,1.0,SP,sao paulo,1,1,2
23cd343c7de3187c4d3d5bc96b0e3f06,162,1,177.14,177.14,1.0,67.14,1.0,5.0,1.0,SP,martinopolis,1,1,1
23f5ef949f4f54d239cadd6aa0ca48ed,107,1,49.09,49.09,1.0,8.29,2.0,4.0,1.0,SP,cubatao,1,1,1
24bebb6ff5f6b160cf78f11ad5c7278e,241,1,88.08,88.08,1.0,13.08,1.0,5.0,1.0,SP,sao jose dos campos,1,1,1
25084c562406811ccea6b10655d1fff9,78,1,278.64,278.64,1.0,19.64,1.0,5.0,1.0,SP,osasco,1,1,1
25799bf6b79e82c19bd6d590c02cf821,209,1,53.3,53.3,1.0,15.1,1.0,5.0,1.0,SP,jundiai,1,1,1
266f6baed5662cca5d5d51db71a51b23,250,1,297.07,297.07,1.0,27.17,3.0,5.0,1.0,PA,altamira,1,1,1
2693c09b2bd4159a59c216c4114c1e19,224,1,174.04,174.04,1.0,37.05,1.0,4.0,1.0,SP,taboao da serra,1,1,1
26e8d473fbaef56f0f90930bb036fb89,268,1,37.12,37.12,1.0,17.63,3.0,5.0,1.0,TO,palmas,1,1,1
278256c4e23f585212de04f1ae53d9d2,372,1,43.1,43.1,1.0,14.1,1.0,4.0,1.0,PR,pinhais,1,1,1
27891f64aa89e1e7a933b2862b583ee4,373,1,287.0,143.5,1.5,12.75,3.0,4.0,1.0,SP,peruibe,1,1,1
2852637db607bf7d453e51b172b3e7d6,97,1,72.65,72.65,1.0,22.85,1.0,5.0,1.0,MA,sao luis,1,1,1
2887d406026c92a31aefd39960663798,478,1,72.27,72.27,1.0,22.28,1.0,1.0,1.0,BA,porto seguro,1,1,1
29611352f130c330ea8b03e27c62d405,549,1,131.34,65.67,1.0,21.34,3.0,3.0,1.0,RN,alto do rodrigues,1,1,1
29a320c6171cd298488f738f26d0bd61,346,1,206.08,206.08,1.0,16.09,2.0,5.0,1.0,PR,curitiba,1,1,1
2a3db31230ad9d133b382aff019cf148,382,1,146.15,146.15,1.0,18.15,4.0,5.0,1.0,RS,porto alegre,1,1,1
2a6eb49c4cd1fe413141297089a4545e,412,1,42.8,42.8,1.0,16.11,4.0,5.0,1.0,SP,sao paulo,1,1,2
2ad3fd1a4a4c8dd70d848f625b27f4ed,398,1,230.74,230.74,1.0,17.74,10.0,5.0,1.0,RS,porto alegre,1,1,1
2d5e617e6b8b6e6eb40d0d4fc03179ec,345,1,148.15,148.15,1.0,18.16,1.0,4.0,1.0,RS,flores da cunha,1,1,1
2d613625056a1ec17e4c63abec160284,236,1,115.05,115.05,1.0,21.06,4.0,5.0,1.0,PA,belem,1,1,1
2e1b1231ac9b6f371971b8ec7b9d0fcd,122,1,386.46,386.46,1.0,17.46,2.0,5.0,1.0,SP,sao paulo,1,1,2
2f53a09bfca049656dd9b86d305bb972,150,1,36.39,36.39,1.0,7.39,1.0,5.0,1.0,SP,osasco,1,1,1
3025f1fe377a9ee7443a15d1c3b8d50b,471,1,40.0,40.0,1.0,15.1,1.0,4.0,1.0,SP,mirandopolis,1,1,1
30274cfdf55a86a2825c5c8e18a6262c,263,1,136.3,68.15,1.0,21.3,1.0,1.0,1.0,PR,uniao da vitoria,1,1,1
30b782a79466007756f170cb5bd6bbd8,23,3,1967.13,93.67285714285715,2.0,11.612857142857143,1.5714285714285714,3.142857142857143,1.0,SP,sao paulo,3,3,2
32487d3d5098e884a1c85ce855234fb3,22,1,260.5,260.5,1.0,10.5,10.0,5.0,1.0,SP,votorantim,1,1,1
327f5cae22a348fe459126be75f1814f,299,1,64.51,64.51,1.0,11.87,4.0,1.0,1.0,SP,sao paulo,1,1,2
32f7cd86cc860327410a818ca1a98460,517,1,371.48,185.74,1.5,24.97,1.0,5.0,1.0,SP,jundiai,1,1,1
34466539a4aa603004fead7a3f7f7bc2,528,1,66.12,66.12,1.0,14.12,2.0,4.0,1.0,RJ,rio de janeiro,1,1,1
345953f3eecf4fc3073f08372dcc6896,254,1,51.09,51.09,1.0,15.1,1.0,4.0,1.0,DF,brasilia,1,1,1
3461b2163494df8af4389bae55a6372d,438,1,188.45,188.45,1.0,9.45,10.0,3.0,1.0,SP,barueri,1,1,1
3467e97ab367cc77d54f3b94ce52a801,35,1,848.61,848.61,1.0,50.61,8.0,5.0,1.0,MG,belo horizonte,1,1,1
34aaf6b7dc72aa67c949cf6d35ec97a6,476,1,81.78,81.78,1.0,11.88,1.0,5.0,1.0,SP,sao paulo,1,1,2
34ed577a045384a9d9df4bbab3601bea,220,1,63.1,63.1,1.0,14.1,6.0,4.0,1.0,RJ,rio de janeiro,1,1,1
34f92366f52d2b66d66c5766e15c4e3d,114,1,117.27,117.27,1.0,18.27,2.0,5.0,1.0,SP,sao paulo,1,1,2
35081d48d94ad78947524b80e4d869e2,225,1,25.84,25.84,1.0,11.85,1.0,1.0,1.0,SP,brodowski,1,1,1
359529c96224e12f1b74d573e332398d,485,1,52.75,52.75,1.0,29.55,1.0,4.0,1.0,PA,belem,1,1,1
36942bd30799251795cca03a1b16e004,484,1,104.7,104.7,1.0,14.8,4.0,5.0,1.0,RJ,rio de janeiro,1,1,1
37d0b647301742b1b17d627e4c10aeae,260,2,383.8,95.95,1.0,11.05,8.0,2.0,1.0,SP,sao paulo,1,1,2
37e388e4c186feb07a22d17f9a4d56f3,211,1,62.78,62.78,1.0,7.78,6.0,5.0,1.0,SP,guarulhos,1,1,1
38661d5602cb078419f411b65e3bdce1,417,1,84.23,84.23,1.0,15.23,2.0,5.0,1.0,RJ,resende,1,1,1
38963cccac7ddbf4819da22bdd569be7,290,1,168.3,168.3,1.0,18.3,3.0,4.0,1.0,SC,balneario gaivota,1,1,1
38c3bc2d6df03905e3e8d3d5b079acf4,271,1,421.65,421.65,1.0,24.65,1.0,4.0,1.0,RJ,rio de janeiro,1,1,1
39221ea014de9b3dfe3c6609eb6c6ff7,365,1,271.54,271.54,1.0,15.54,3.0,5.0,1.0,SP,sao paulo,1,1,2
393c2ace23a135d0bcc7e70167448e16,34,1,161.37,161.37,1.0,15.47,1.0,5.0,1.0,BA,barreiras,1,1,1
39406d5888ebe67839dc26b348c0d12f,28,1,32.24,32.24,1.0,13.34,1.0,5.0,1.0,MG,juiz de fora,1,1,1
39d26db6530f0ad21b671a973cb6e03f,4,1,369.22,369.22,1.0,39.22,1.0,5.0,1.0,PA,castanhal,1,1,1
39e99ddb5ae1904f14cf42243a6641d4,231,1,97.74,97.74,1.0,17.84,9.0,5.0,1.0,RS,novo hamburgo,1,1,1
3a50452c8f7d9cf9f50633cead7e3c9b,134,1,184.59,184.59,1.0,34.59,2.0,5.0,1.0,SC,jaragua do sul,1,1,1
3b04d5394d524951c5f8ede44023ddea,190,1,212.04,106.02,1.5,16.11,1.0,1.0,1.0,RJ,rio de janeiro,1,1,1
3c7399e057696d1a324871cb80f46745,381,1,77.57,77.57,1.0,17.67,3.0,5.0,1.0,RS,porto alegre,1,1,1
3c7fbfe2e81205c52478e02ba3703a73,282,1,39.7,39.7,1.0,15.1,1.0,5.0,1.0,GO,goiania,1,1,1
3d528b069707b3464a19fd937fc9f06c,59,1,57.23,57.23,1.0,23.04,1.0,4.0,1.0,GO,senador canedo,1,1,1
3dc950be1edf22b0ad33af44837df4e7,524,1,331.02,331.02,1.0,31.03,3.0,4.0,1.0,PA,paragominas,1,1,1
3f43c86453d02badf9c09a8149b620d3,389,1,148.19,148.19,1.0,28.2,6.0,4.0,1.0,RS,porto alegre,1,1,1
3f81a7afc0532976d0e0f41b20adf2b0,575,1,33.36,33.36,1.0,10.96,2.0,3.0,1.0,SP,sao jose do rio preto,1,1,1
404c70b8b40b5fd8cab20f8d5093cc86,38,1,38.04,38.04,1.0,19.04,1.0,5.0,1.0,PE,camaragibe,1,1,1
405f45b1bd4820a68c040a07210d0d51,220,1,173.77,173.77,1.0,34.77,4.0,5.0,1.0,MA,estreito,1,1,1
405f6a0f60d44b5ad32044970938191f,22,1,38.86,38.86,1.0,8.96,1.0,1.0,1.0,SP,sao paulo,1,1,2
41517b30c9379c6bef376702f93e8de8,196,1,962.52,962.52,1.0,22.02,1.0,1.0,1.0,RJ,rio de janeiro,1,1,1
42398dee8f2098eec5579129cc1a6f5e,267,2,585.46,146.365,1.0,10.865,1.0,4.5,1.0,SP,sao paulo,1,1,2
42bb902a6bb8846bd157d39bccc2fd68,11,1,58.19,58.19,1.0,32.2,3.0,5.0,1.0,AL,barra de sao miguel,1,1,1
4324608f0fb4b7580feabbca205480bb,24,1,72.98,72.98,1.0,13.08,1.0,1.0,1.0,SP,santos,1,1,1
4343c49fea39abbe14ecbfee146104d8,178,1,93.08,46.54,1.5,8.27,1.0,5.0,1.0,SP,sao paulo,1,1,2
43eb0e993502bd4cbd3400a492a5444d,179,1,65.31,65.31,1.0,15.1,1.0,5.0,1.0,MG,cambui,1,1,1
440678e8d565a7d5ddf192711617cf50,261,1,96.68,48.34,1.5,8.27,1.0,5.0,1.0,SP,sao paulo,1,1,2
443e23b582e69ae01d4d254f6e7dd3ea,225,1,162.02,162.02,1.0,53.12,1.0,5.0,1.0,AC,rio branco,1,1,1
44723e30324b2effd5a8247794af92c8,159,1,143.38,143.38,1.0,23.38,1.0,3.0,1.0,DF,brasilia,1,1,1
44d67cc85baf7a55e2d0a4939bed5855,22,1,98.45,98.45,1.0,27.45,1.0,5.0,1.0,RJ,rio de janeiro,1,1,1
465213418e5f34776c10da6c25583be5,247,1,64.0,64.0,1.0,14.1,1.0,5.0,1.0,DF,brasilia,1,1,1
468594b34a196118b704963bacd30529,358,1,397.18,198.59,1.5,14.345,1.0,5.0,1.0,SC,sao jose,1,2,1
46c39f459f31460d361db4ccc6d6fa52,38,1,172.16,172.16,1.0,16.19,8.0,4.0,1.0,PR,araucaria,1,1,1
47819e2fe2feece1eaa798f2c2398221,579,1,1502.1,751.05,1.5,18.725,10.0,3.0,1.0,SC,balneario camboriu,1,1,1
47c1a3033b8b77b3ab6e109eb4d5fdf3,210,6,6839.34,142.48625,1.125,15.339999999999998,1.0,4.875,1.0,SP,jandira,5,6,1
481060b29de0e9b3d7f4b2991cfb0767,96,2,598.94,149.735,1.0,11.24,2.5,5.0,1.0,SP,sao joaquim da barra,2,2,1
4849a05adbbdba9197030df910caf205,378,1,141.52,70.76,1.5,12.48,1.0,5.0,1.0,SP,paulinia,1,1,1
48ee05f414035e54588934fd0f05378a,477,1,246.79,246.79,1.0,27.79,10.0,5.0,1.0,RN,portalegre,1,1,1
49746c4175293e1bdab705a1c0a4699d,213,1,437.19,437.19,1.0,48.19,6.0,1.0,1.0,MS,campo grande,1,1,1
4a055e75b893bfa3d72f550bc325cf76,187,1,467.66,233.83,1.5,20.465,2.0,1.0,1.0,RJ,pirai,2,2,1
4b3207464f5f7a48a7f63fa0b1251d86,594,1,24.42,24.42,1.0,14.52,1.0,5.0,1.0,SP,ribeirao preto,1,1,1
4b9d5d97bd2fe143891cf91ac7ca1116,440,1,50.01,50.01,1.0,15.11,4.0,5.0,1.0,MG,sete lagoas,1,1,1
4c9097671506eb668546b2c1aaea3c83,269,1,45.01,45.01,1.0,15.11,4.0,5.0,1.0,RS,porto alegre,1,1,1
4ca7e7ff2c43abe13ebf78f081aca476,421,1,36.72,36.72,1.0,11.73,1.0,5.0,1.0,SP,sao paulo,1,1,2
4cbdc0f2029c78a012c400623a82e55f,210,1,102.84,102.84,1.0,32.94,2.0,5.0,1.0,PE,sao jose da coroa grande,1,1,1
4d8056f71519ae1069e6747c63c676f7,9,1,184.68,184.68,1.0,44.78,8.0,4.0,1.0,SC,icara,1,1,1
4d9ae06c9cc798078c91f16e1842f7ca,377,1,143.93,143.93,1.0,13.93,6.0,5.0,1.0,SP,sao jose do rio preto,1,1,1
4df708cabf0d092e540230827dae04de,55,1,123.49,123.49,1.0,23.5,1.0,5.0,1.0,RJ,rio de janeiro,1,1,1
4e78b656d61670a56c6c0c70c58ed82e,136,1,322.85,322.85,1.0,22.95,1.0,4.0,1.0,MG,dona euzebia,1,1,1
4e91b84bd3941d31daa28a76c53e9f0c,106,1,127.69,127.69,1.0,7.7,3.0,1.0,1.0,SP,sao paulo,1,1,2
4eb363e11ae95699d3140a3ff117f8d2,110,1,112.24,112.24,1.0,22.34,3.0,5.0,1.0,MG,montes claros,1,1,1
4f1a96d7fdc1c50b5b163e16de1c2166,31,1,78.44,78.44,1.0,15.54,4.0,5.0,1.0,RJ,rio de janeiro,1,1,1
4fbfc7dbc329c494d68d47b9780604fd,107,1,71.15,71.15,1.0,18.25,2.0,5.0,1.0,SP,sao paulo,1,1,2
4fe7f83190e3618139dfbf5658172bf3,503,1,51.04,51.04,1.0,11.74,1.0,5.0,1.0,SP,sao bernardo do campo,1,1,1
502560a6fd69bb140e01b0feb5eb0b61,410,1,118.17,118.17,1.0,18.27,5.0,5.0,1.0,GO,luziania,1,1,1
519c503fa8cec8c30691b824e58a71af,137,1,172.19,172.19,1.0,23.97,2.0,5.0,1.0,MT,sapezal,1,1,1
52ff299027b82ad5886b78d57dd8be1d,34,1,99.33,99.33,1.0,23.33,1.0,5.0,1.0,RJ,itatiaia,1,1,1
53d9311d650a3e6bdba4696a36ac72f8,313,1,33.09,33.09,1.0,14.1,3.0,4.0,1.0,GO,goiania,1,1,1
54d757624bc4f049bcf411dbfc5b832d,574,1,63.67,63.67,1.0,17.78,1.0,5.0,1.0,BA,itaberaba,1,1,1
55e3628de0f0fc02c8cd3eb79de3b739,209,1,525.46,525.46,1.0,49.86,8.0,5.0,1.0,PB,paulista,1,1,1
561ba7daca078167a3ac0a89afaf419f,70,1,162.7,162.7,1.0,13.7,2.0,5.0,1.0,SP,piquete,1,1,1
568a764e5829149bb3a1d8a9cad5bb7c,180,1,236.97,236.97,1.0,17.97,10.0,3.0,1.0,RJ,rio de janeiro,1,1,1
5770a9140aa5dc0ab1a2c046dd543664,284,1,82.63,82.63,1.0,12.83,2.0,4.0,1.0,SP,sao paulo,1,1,2
57714ca1784d22630b2a7b52627c4b94,67,1,221.52,110.76,1.5,13.41,4.0,5.0,1.0,SP,ipaussu,1,2,1
57799a14cfd9854e5019133bc8747e68,171,1,363.12,363.12,1.0,23.22,1.0,4.0,1.0,SP,sao paulo,1,1,2
58042c9e927cb9148140e40a7f431dd4,36,1,109.98,109.98,1.0,14.98,1.0,5.0,1.0,SP,sao paulo,1,1,2
5835368a54b2686ce75f0127c793a8f0,483,1,173.88,173.88,1.0,14.88,7.0,2.0,1.0,SC,itajai,1,1,1
5845b9ba0fc652731bc389c5600302e0,245,1,123.21,123.21,1.0,33.22,1.0,1.0,1.0,PE,recife,1,1,1
5870c4e1e8e03302e250f15c8b824305,162,1,67.85,67.85,1.0,22.85,2.0,4.0,1.0,MA,sao luis,1,1,1
5926155748a17bea012987f22a4e73a6,7,1,68.32,68.32,1.0,11.42,1.0,4.0,1.0,SP,guarulhos,1,1,1
593cb774409e5239a1946d1c88e0813d,413,3,1836.8999999999999,87.47142857142856,1.7142857142857142,15.100000000000001,5.285714285714286,5.0,0.7142857142857143,PR,maringa,2,1,1
5950eb8fef0ee900da7fb4809ed0dd4a,92,1,195.89,195.89,1.0,15.99,4.0,5.0,1.0,SP,carapicuiba,1,1,1
59af340efbf4f7183fe7f92d11d6c7dc,331,1,64.0,32.0,1.0,14.1,3.0,5.0,1.0,RS,sao leopoldo,1,1,1
5b2a590fc1bf75d1dcd0b4020ddc8a5f,249,1,44.69,44.69,1.0,16.79,4.0,5.0,1.0,PR,apucarana,0,1,0
5b31942027f1603be6676e2df367f184,179,1,100.95,100.95,1.0,21.05,1.0,5.0,1.0,SC,lages,1,1,1
5caf3a2a5d1ef808e3dd182e79baa392,411,1,116.36,116.36,1.0,16.46,7.0,5.0,1.0,MG,mutum,1,1,1
5d8c53cc636f8d4d4a585625da580205,236,1,157.35,157.35,1.0,17.42,4.0,5.0,1.0,MG,conselheiro lafaiete,1,1,1
5df965623d1660997481fff0d480e70b,120,1,186.04,186.04,1.0,16.07,1.0,4.0,1.0,SP,sao paulo,1,1,2
5ea98ccf7ab339d0df0762211877c227,107,1,360.34,360.34,1.0,21.34,2.0,5.0,1.0,PR,cascavel,1,1,1
5eb539db8bad2407b71782f1d55a4826,503,1,1575.05,1575.05,1.0,26.05,1.0,4.0,1.0,MG,belo horizonte,1,1,1
5f187d7a9ce17aff3891b14692db3911,175,1,28.41,28.41,1.0,8.11,1.0,4.0,1.0,SP,guaruja,1,1,1
5fcce9584c278b76076b93720089b546,21,1,83.73,83.73,1.0,13.83,1.0,2.0,1.0,SP,sao paulo,1,1,2
605e2c9d8eab9c7e0bfddeb7be5effde,340,1,109.99,109.99,1.0,17.09,1.0,5.0,1.0,GO,jaragua,1,1,1
6117c9ef3251089693a6abb90c195eba,216,1,118.84,118.84,1.0,18.94,2.0,4.0,1.0,RJ,duque de caxias,1,1,1
613cde4b9d685746b0d482a4ed39ed02,239,1,50.63,50.63,1.0,9.34,1.0,5.0,1.0,SP,sao paulo,1,1,2
6223f9541d9787f8551b6b0152c6ebba,345,1,76.73,76.73,1.0,11.73,1.0,4.0,1.0,SP,sao paulo,1,1,2
62ba9aa6439e76ea875e1676b09ee995,228,1,516.73,516.73,1.0,29.73,10.0,5.0,1.0,MG,pocos de caldas,1,1,1
649c3c31116502b2c532c0a4e5a339e9,55,1,183.92,183.92,1.0,23.92,1.0,3.0,1.0,MG,governador valadares,1,1,1
65a3525318158c0b3f6f83eac306cc6c,266,1,63.76,63.76,1.0,11.86,2.0,5.0,1.0,SP,sao carlos,1,1,1
65aba9fcfab328c5dcc542ee05044a24,239,1,115.81,115.81,1.0,25.91,4.0,4.0,1.0,RJ,niteroi,1,1,1
65cdf5ca38fd0667a658101672cb46d1,529,1,34.42,34.42,1.0,14.52,1.0,5.0,1.0,SP,rio claro,1,1,1
6627423ddfa79c28e4488b16b7b9d6c2,120,1,62.96,62.96,1.0,17.06,3.0,5.0,1.0,MG,belo horizonte,1,1,1
6665cb7b0e68f39df7e6d42b866a072c,158,1,24.22,24.22,1.0,19.04,1.0,5.0,1.0,RS,esteio,1,1,1
672a4671f579a2af1825f6a0878adb79,219,1,86.44,86.44,1.0,29.44,2.0,3.0,1.0,MG,montes claros,1,1,1
6745605cca7900f93822a67c1e1f5821,339,1,800.96,200.24,2.5,15.1,4.0,3.0,1.0,RJ,barra mansa,1,1,1
68404858b74fd9d52b315241733570c9,12,1,90.73,90.73,1.0,8.73,1.0,1.0,1.0,SP,indaiatuba,1,1,1
68ca4469a590f62a686d835f07f91f67,160,1,179.0,179.0,1.0,19.0,9.0,1.0,1.0,RJ,nova friburgo,1,1,1
690e4f9377603c9fc80f355f79f3e42d,73,1,142.66,142.66,1.0,42.76,1.0,4.0,1.0,CE,altaneira,1,1,1
69ed598d504f75fcf7d08ac74a1c325f,308,1,115.31,115.31,1.0,16.32,2.0,5.0,1.0,SP,sao paulo,1,1,2
6ad7f988a8d4cf14bc53155dcebc30ac,265,1,114.45,114.45,1.0,9.55,1.0,5.0,1.0,SP,sao paulo,1,1,2
6baee3008124f2fd07c61fc8169ad485,175,1,856.89,285.63,2.0,15.31,1.0,5.0,1.0,RS,dois irmaos,1,1,1
6bb535b0906b43e0041916897667aeed,339,3,7171.38,398.41,1.3333333333333333,52.35666666666666,8.666666666666666,3.6666666666666665,1.0,SC,garopaba,2,3,1
6c7666a9795b82caf72015ee45498b74,331,1,142.92,142.92,1.0,13.92,1.0,5.0,1.0,SP,sao paulo,1,1,2
6cb48842b3e037bfaf046b60186b3a49,351,1,106.16,106.16,1.0,16.26,8.0,5.0,1.0,SP,valinhos,1,1,1
6cf5a61d865d979d060812cdb48ce484,146,2,634.5999999999999,158.64999999999998,1.0,16.65,1.0,5.0,1.0,PR,londrina,1,1,1
6d004368588f6fee399cff4bfd5bf7eb,6,1,386.8,386.8,1.0,9.9,3.0,1.0,1.0,SP,embu das artes,1,1,1
6dd6e77a98003996c7fd7afb70be95c4,323,1,91.18,91.18,1.0,16.28,8.0,3.0,1.0,SP,barretos,1,1,1
6f204ac2e1cfd115fb0d35f4aa919c7f,555,1,151.18,151.18,1.0,21.22,8.0,1.0,1.0,SP,taboao da serra,1,1,1
6f99591f12f5335a920f80557e21f03d,261,1,150.39,150.39,1.0,21.39,3.0,5.0,1.0,RJ,rio de janeiro,1,1,1
6fcb0c15d15d6cc8ba8a6ebcb8828ddb,186,1,96.72,96.72,1.0,12.72,1.0,3.0,1.0,SP,sao paulo,1,1,2
701fa3d5fa532fe11148b9bfc56d964b,421,1,253.87,253.87,1.0,48.87,1.0,5.0,1.0,SE,estancia,1,1,1
7041fc1bc59f83554608a67e0dad47b0,350,1,34.96,34.96,1.0,16.79,1.0,4.0,1.0,BA,eunapolis,1,1,1
70c7bc295f2ffdd9125c96d2ace32fb4,11,1,482.22,241.11,1.0,26.34,5.5,5.0,1.0,MG,sete lagoas,1,1,1
70f437bf3a02c658a32b320b87e25127,525,1,114.79,114.79,1.0,15.8,2.0,5.0,1.0,SP,carapicuiba,1,1,1
70f72887477b6d6a31e174834cb07187,272,1,120.91,120.91,1.0,23.01,2.0,5.0,1.0,PI,teresina,1,1,1
7107fb477c1cee6a2f0e7a6e7b0ede4c,378,1,192.66,192.66,1.0,12.76,1.0,5.0,1.0,SP,osasco,1,1,1
726d126a8690a7082d2cfc100c0072b6,223,1,838.0,419.0,1.5,13.5,1.0,5.0,1.0,PR,curitiba,1,1,1
73269ef3cdc4c31ed2abac95f13c9ec5,366,1,70.34,70.34,1.0,9.34,1.0,5.0,1.0,SP,sao paulo,1,1,2
7387cda312de9273ab3abdb5d5693709,87,1,89.46,89.46,1.0,19.46,3.0,5.0,1.0,SP,sao paulo,1,1,2
73cef625584414927ff968509a11e8a9,437,1,40.38,40.38,1.0,12.48,4.0,5.0,1.0,MG,diamantina,1,1,1
74402a7740ee6989f349d7e491be8a68,254,1,315.84,315.84,1.0,16.84,3.0,4.0,1.0,ES,serra,1,1,1
74fc9125eede6d44f2a1f33c877374e6,157,1,124.76,124.76,1.0,14.86,6.0,5.0,1.0,SP,ribeirao preto,1,1,1
755bd86af4572db680ae4004e152298a,349,1,902.35,902.35,1.0,142.35,3.0,4.0,1.0,RJ,rio de janeiro,1,1,1
7572e5cef60b963282594a4475752b3f,326,1,104.26,104.26,1.0,14.36,9.0,1.0,1.0,MG,montes claros,1,1,1
760bf80deefbc99703ba045b6c0c1a34,148,1,56.39,56.39,1.0,7.39,1.0,4.0,1.0,SP,santa barbara d'oeste,1,1,1
7756cb6ccd8ec23eaaf953f9bd9bc958,315,1,191.93,191.93,1.0,22.03,3.0,4.0,1.0,SP,sao paulo,1,1,2
778245e76882be06eb951d90c0927bf1,55,1,67.38,67.38,1.0,17.48,1.0,5.0,1.0,SP,osasco,1,1,1
78a4308deaf42f0f5bc37c3ba4fc53e4,147,1,123.18,123.18,1.0,23.28,6.0,4.0,1.0,PR,lapa,1,1,1
7a1e2d8f00a9a9bc9941c2798fd1d3d8,420,1,156.6,156.6,1.0,16.61,5.0,5.0,1.0,SP,bauru,1,1,1
7a3b3594aa73f3d60383e543cf3e13f8,172,1,43.95,43.95,1.0,11.85,1.0,5.0,1.0,SP,cerquilho,1,1,1
7a4411f897334f8415bc8bd3f2e64d78,157,1,181.95,181.95,1.0,39.05,6.0,5.0,1.0,CE,fortaleza,1,1,1
7ae18967071367c8cb1bf5d871a9feb5,28,1,110.58,110.58,1.0,20.58,2.0,4.0,1.0,SP,sao paulo,1,1,2
7ae3bf22d9fabf9817cb4ce68916d101,61,1,340.47,170.235,1.0,10.47,1.0,5.0,1.0,SP,franco da rocha,1,1,1
7b9c0afaa8e86c5acea60409af9c5ab8,248,1,49.17,16.39,1.0,9.27,1.6666666666666667,5.0,1.0,RJ,rio de janeiro,1,1,1
7c22a046cd18a2bfe87c79e63791c4d6,58,1,791.0,395.5,1.5,27.85,4.0,5.0,1.0,CE,fortaleza,1,1,1
7c5d1cbb0257bcd089a2c229efd0c356,172,1,191.83,191.83,1.0,21.84,1.0,3.0,1.0,SP,sao paulo,1,1,2
7ca367c0358b78e05050cdcd1c38b91b,192,1,40.09,40.09,1.0,15.1,4.0,5.0,1.0,MG,jacinto,1,1,1
7cf08f01ab6a6a1365e1613989a65158,106,2,387.76,96.94,1.0,18.490000000000002,5.0,5.0,1.0,RS,arroio dos ratos,2,2,1
7d2829c2222be0a081bcf2d4d3d540a5,262,1,41.0,41.0,1.0,15.1,1.0,5.0,1.0,RS,sao leopoldo,1,1,1
7e3ddeb77eebb835c1d0721b5e203791,147,1,53.15,26.575,1.0,11.15,1.0,5.0,1.0,SP,santo andre,1,1,1
7e6260f5603af2124b83945560f90b6e,167,1,74.36,74.36,1.0,19.36,3.0,1.0,1.0,RJ,itaperuna,1,1,1
7f08b4688079c09958515e0f8d242ae8,49,1,97.36,97.36,1.0,8.36,4.0,5.0,1.0,SP,bauru,1,1,1
813eee947cafda0ed444814b805325f1,223,1,117.85,117.85,1.0,17.95,2.0,5.0,1.0,MG,belo horizonte,1,1,1
815e951e0c7428149f938451582c7bae,67,1,80.56,80.56,1.0,15.56,1.0,1.0,1.0,SP,sao paulo,1,1,2
8191d3f089130ca0df2174d627102b96,121,1,30.29,30.29,1.0,7.39,3.0,5.0,1.0,SP,sao paulo,1,1,2
81d767ed674c1bf4665e18c0eb0e8e18,359,1,385.81,385.81,1.0,57.82,8.0,5.0,1.0,CE,fortaleza,1,1,1
81e260288b8f6969e6ee5d5dfa7284bd,251,1,123.51,123.51,1.0,14.51,1.0,5.0,1.0,SC,paulo lopes,1,1,1
8234e6c1f994bc829649de4ac248ed0f,81,1,72.92,72.92,1.0,22.93,2.0,3.0,1.0,PR,quinta do sol,1,1,1
826c82db79dc086400a19839e47099da,324,1,77.57,77.57,1.0,17.67,1.0,5.0,1.0,SC,balneario camboriu,1,1,1
8405f731b36baec7dfc9501225f9b117,541,1,154.84,77.42,1.5,8.72,1.0,2.0,1.0,SP,sao paulo,1,1,2
8534a193d22ff9a77e80361fc2095e71,561,1,127.42,127.42,1.0,11.42,3.0,5.0,1.0,SP,sao bernardo do campo,1,1,1
853b15909ca8a525785005a333a41d9c,173,1,51.84,25.92,1.0,11.85,1.0,3.0,1.0,SP,bauru,1,1,1
854a3c898518d0d9b3501cda7b1894f8,133,1,75.29,75.29,1.0,15.3,1.0,3.0,1.0,RJ,nilopolis,1,1,1
8571477cae10b48982fc89d9960ea8ad,164,1,315.48,157.74,1.5,22.97,1.0,1.0,1.0,MG,belo horizonte,1,1,1
85b940e2a3b147cde0f6e19990dc5cb5,255,1,94.4,94.4,1.0,9.41,4.0,5.0,1.0,SP,santos,1,1,1
872cc08a1ec02f94f728a1eccfa7a80b,201,1,45.0,45.0,1.0,15.1,1.0,5.0,1.0,SP,santo andre,1,1,1
873e5a11673ea73e58db17af95546fc5,71,1,47.29,47.29,1.0,18.3,4.0,5.0,1.0,RJ,sao pedro da aldeia,1,1,1
8766df3f3ea9f1601c1f8ffade2f5417,6,1,85.49,85.49,1.0,15.59,1.0,5.0,1.0,ES,vila velha,1,1,1
8845265a32c8aaf62971e1cb6f260b26,59,1,46.54,46.54,1.0,12.54,2.0,5.0,1.0,SP,sao paulo,1,1,2
890b3541cfb2ee499ee2d4eede088792,55,1,52.58,52.58,1.0,7.58,1.0,5.0,1.0,SP,sao jose dos campos,1,1,1
8af636a8e9d58c32fab1d7d35fec369e,302,1,103.55,103.55,1.0,13.65,8.0,5.0,1.0,SP,sao paulo,1,1,2
8b41eed2e22e54cb762287029ced230b,518,1,2225.25,741.75,2.0,18.34,1.0,5.0,1.0,SP,sao paulo,1,1,2
8be9e2ac8cd05c487471b69ef7687b38,268,1,112.3,112.3,1.0,12.4,5.0,4.0,1.0,SP,sao paulo,1,1,2
8cf1bdf074a4a6e5fc61800a219dfb08,443,1,87.03,87.03,1.0,12.03,6.0,5.0,1.0,SP,ribeirao preto,1,1,1
8d2bd90836fecb71f7746d84bb1c54bb,371,1,63.27,63.27,1.0,13.37,6.0,5.0,1.0,SP,sao paulo,1,1,2
8dd4b0771b20160bde2b4fb598c3f554,573,1,47.02,47.02,1.0,16.05,1.0,3.0,1.0,ES,itaipava,1,1,1
8dffa3165d189110cdbe104f7f948f1f,163,1,509.2,509.2,1.0,21.3,5.0,1.0,1.0,MG,belo horizonte,1,1,1
8ea990b386a49864dfaeb836a9e195fa,286,1,46.78,46.78,1.0,7.78,3.0,3.0,1.0,SP,vinhedo,1,1,1
8ef940c8c63e85e9e2fd65f7e8b6581c,83,1,62.69,62.69,1.0,12.79,3.0,4.0,1.0,SP,santos,1,1,1
8f1f89df8da6487d3d526e9b65252307,261,1,585.09,195.03,2.0,15.11,1.0,4.0,1.0,PR,curitiba,1,1,1
8f57542916bc546e32ae566f90301036,299,1,117.9,23.580000000000002,1.0,18.0,1.0,5.0,1.0,GO,aparecida de goiania,1,1,1
8f63f0c16f3c4903073e8b3814feab0d,428,1,107.78,107.78,1.0,17.88,3.0,1.0,1.0,RJ,rio de janeiro,1,1,1
8fb378ace44dd19b424f3783eae75661,34,1,72.58,72.58,1.0,13.08,1.0,3.0,1.0,SP,sao bernardo do campo,1,1,1
8ff91c068769286ee5d733e37f83b61d,155,1,309.16,154.58,1.5,18.29,2.0,3.0,1.0,SC,florianopolis,1,1,1
903da68ad12a13ea58f14a292c0c50c6,178,1,368.11,368.11,1.0,18.21,8.0,5.0,1.0,SP,jacarei,1,1,1
90436a67885a57f147fb79e6d0e4bc1c,461,1,148.15,148.15,1.0,18.16,1.0,5.0,1.0,MG,unai,1,1,1
90db37be54fd796a0fa73b7678e8b795,264,1,167.52,167.52,1.0,17.62,3.0,1.0,1.0,BA,salvador,1,1,1
913f5e4f97adfeb0e74fc6c60f3c3331,150,1,184.03,184.03,1.0,19.03,2.0,5.0,1.0,MG,belo horizonte,1,1,1
91b8e44f51338493ba6f0d70a0f8fd8d,212,1,420.94,210.47,1.5,17.86,6.0,4.0,1.0,DF,brasilia,2,2,1
92788f6a2a822c9e4f864efb27060ad9,131,1,189.66,189.66,1.0,13.67,1.0,5.0,1.0,SP,botucatu,1,1,1
92c6a8e312c4323a536b0775c339af22,284,1,169.54,84.77,1.5,12.685,1.0,3.0,1.0,SP,atibaia,1,1,1
92ebe191297a15dbd82c79561d5e1bdc,269,1,65.71,65.71,1.0,8.72,2.0,4.0,1.0,SP,guarulhos,1,1,1
939caa92993d9e0c743a19ef572d0da9,122,1,183.95,91.975,1.0,24.05,2.5,5.0,1.0,MG,uberlandia,1,1,1
93ad1e0b5bd80a1cfd5d9fff1d198128,59,1,197.96,197.96,1.0,58.06,1.0,5.0,1.0,SP,sao paulo,1,1,2
951646fecdd2dbc03a3d11cf0f676347,456,1,22.72,22.72,1.0,8.72,1.0,5.0,1.0,SP,campinas,1,1,1
953116aed8f66769f1a834554cc4e020,230,1,69.65,69.65,1.0,28.75,1.0,4.0,1.0,RS,pelotas,1,1,1
9595d986b5aa9bbd6649ac5d7f058f48,315,1,61.84,61.84,1.0,11.85,1.0,5.0,1.0,SP,sao paulo,1,1,2
95c0f97a99204a7dd5a98d27e3c53933,231,1,92.57,92.57,1.0,13.57,8.0,5.0,1.0,SP,itu,1,1,1
9682c531e9491fca598e0a3ccdbc7cbc,64,1,34.94,34.94,1.0,7.45,1.0,5.0,1.0,SP,taboao da serra,1,1,1
9714af00765493b78e2def2dba52cdae,113,1,152.73,152.73,1.0,8.73,1.0,5.0,1.0,SP,sao paulo,1,1,2
97b9d176749a7d6c492127e87c5fab0d,59,1,608.2,608.2,1.0,22.2,1.0,5.0,1.0,RS,canoas,1,1,1
97bc08e526795b17e1d4f642f77ae304,381,3,1102.23,91.8525,1.25,10.2425,2.5,3.5,1.0,SP,diadema,3,3,1
97ef0043be8aa59c7b3b100e569b1beb,106,1,80.89,80.89,1.0,22.99,4.0,3.0,1.0,RJ,paraiba do sul,1,1,1
981487ad8cc46b374cac102e632f99d7,28,1,55.28,55.28,1.0,15.38,1.0,4.0,1.0,DF,brasilia,1,1,1
98502f9ae87ea23c7973845fe96286ce,183,1,250.36,125.18,1.5,12.69,10.0,5.0,1.0,SP,sao paulo,1,1,2
986b90e1142e5a6ddd0c5864e9b3d79a,367,1,48.01,48.01,1.0,8.11,1.0,5.0,1.0,MG,belo horizonte,1,1,1
98c739ff73ba1541f4c008e55f30a25e,323,1,412.52,412.52,1.0,17.52,8.0,5.0,1.0,MG,uberaba,1,1,1
98d557ca7b00a077f04a9fd41cbd9863,191,1,96.22,96.22,1.0,16.32,3.0,1.0,1.0,RS,caxias do sul,1,1,1
99062accc4c9bbd3a766f5af8beea25a,439,1,171.85,171.85,1.0,16.85,1.0,5.0,1.0,MS,campo grande,1,1,1
9927357edf03e1a67cdc793de508c5d8,269,1,76.02,76.02,1.0,17.12,7.0,5.0,1.0,SP,boituva,1,1,1
99a96012654d7b17b5f0b07d39a98327,325,1,142.06,142.06,1.0,43.06,12.0,4.0,1.0,SC,xanxere,1,1,1
99d4af8bf7acfee2e4ab6b8c48d652b1,71,1,35.85,35.85,1.0,8.35,2.0,1.0,1.0,SP,sao paulo,1,1,2
9a09a09e29cdb2fa881135c84b67e523,128,1,151.82,151.82,1.0,12.88,1.0,1.0,1.0,SP,paulinia,1,1,1
9a1d3ed366221e01cb6bc9252fee220b,265,1,24.1,24.1,1.0,14.1,2.0,5.0,1.0,SP,sao paulo,1,1,2
9a897ea48bf988012c00b802f1104a92,80,1,124.5,124.5,1.0,8.0,1.0,5.0,1.0,SP,sao paulo,1,1,2
9ad4dda4f07ffe69cea5cb32bcd1d650,434,1,27.77,27.77,1.0,7.78,2.0,5.0,1.0,SP,sao paulo,1,1,2
9b3ab71077376f54d42b134cd15a55ee,264,1,240.68,240.68,1.0,20.78,5.0,4.0,1.0,BA,salvador,1,1,1
9b4eb1f9f270b301f8d4b2a4eb076017,28,1,235.7,235.7,1.0,20.7,3.0,5.0,1.0,MG,manhumirim,1,1,1
9b54d8ce4527bcd6d586d20cbac8c270,168,1,198.74,198.74,1.0,58.84,10.0,5.0,1.0,RJ,miguel pereira,1,1,1
9bc26fe6fd9365ef95a2f6a3a20a0b87,22,1,670.77,670.77,1.0,11.87,8.0,5.0,1.0,SP,valinhos,1,1,1
9bde95ea1c0fc21776b2fe114807c556,284,1,46.0,46.0,1.0,14.1,4.0,5.0,1.0,SP,santo andre,1,1,1
9c81e8d61f57d26174c0b7657940339d,525,1,31.9,31.9,1.0,10.96,1.0,5.0,1.0,SP,matao,0,1,2
9c92051d99c50e47f33f1955a74e0681,272,1,27.77,27.77,1.0,7.78,2.0,4.0,1.0,SP,itatiba,1,1,1
9d9e66e0aa0c3e3679f222b49308ef46,81,1,42.13,42.13,1.0,18.23,1.0,5.0,1.0,RJ,tres rios,1,1,1
9dadacd7fb4881df925f803d4f05de92,271,1,47.62,47.62,1.0,17.63,4.0,4.0,1.0,MS,campo grande,1,1,1
9f5416f562940d76100d4e950b05cfa7,271,1,307.56,307.56,1.0,13.56,10.0,5.0,0.0,SP,santos,1,1,1
9ff7135aea0637eaa06824d25db0741b,205,1,72.14,72.14,1.0,15.15,3.0,1.0,1.0,RJ,piao,1,1,1
a0d44d593fe455c0ec7ed8f4715190cb,141,2,446.44,111.61,1.0,21.71,10.0,2.5,1.0,SP,sao paulo,1,1,2
a0f97d8ed64d4e33d7b0f29c4118f244,225,1,84.72,84.72,1.0,11.73,4.0,1.0,1.0,SP,diadema,1,1,1
a29a1fd1c852c4dce3dabbe1f7820d14,505,1,101.92,50.96,1.0,12.02,1.0,1.0,1.0,SP,franca,1,1,1
a4b921391832d319f19756511cbdc484,71,1,224.1,224.1,1.0,24.2,7.0,5.0,1.0,MG,montes claros,1,1,1
a50a55d06f346f5e1a167832de7c3263,148,1,122.48,122.48,1.0,60.49,3.0,4.0,1.0,SP,guaira,1,1,1
a59c5e472440338d288f514777689867,13,1,109.72,109.72,1.0,19.82,1.0,5.0,1.0,RS,venancio aires,1,1,1
a5c62e7e896b7e6ed95d39714f51304a,414,2,260.72,43.45333333333334,1.0,16.226666666666667,1.0,4.0,1.0,SP,caraguatatuba,2,2,1
a5e706a547ea42fde80e3cff5316c84b,12,1,844.96,422.48,1.5,31.34,1.0,4.0,1.0,SP,juquitiba,1,1,1
a666bec8af192f2238a0b719a7063a00,119,1,177.01,177.01,1.0,8.21,4.0,5.0,1.0,RJ,rio de janeiro,1,1,1
a6b44587e9ee322a9dc6e8b6adb1a3be,497,1,187.67,187.67,1.0,47.68,3.0,1.0,1.0,SP,sao paulo,1,1,2
a75acaa5bea6b145d38821199b1c8edc,211,1,45.09,45.09,1.0,15.1,4.0,4.0,1.0,RS,campo bom,1,1,1
a7f0fb9adf2304de209e45b094fb53de,37,1,70.97,70.97,1.0,13.98,1.0,4.0,1.0,SP,sao jose dos campos,1,1,1
a889c50fed679f7833b0278c43e8e33c,172,1,88.06,88.06,1.0,15.26,5.0,2.0,1.0,MG,curvelo,1,1,1
aaf8ccf74ee72454c5aa4bc971db41ab,345,1,188.08,94.04,1.5,15.1,9.0,1.0,1.0,SP,itapira,1,1,1
ab4d9d11f3eb0285fafb15e374a73b7a,69,1,324.89,324.89,1.0,24.9,8.0,4.0,1.0,PR,ponta grossa,1,1,1
ad37b0e34b70d1ed6fe35e602e2e4d51,287,1,55.62,55.62,1.0,25.63,1.0,1.0,1.0,CE,novo oriente,1,1,1
ad85f34e57e670a213885286b6a6a93f,60,1,26.79,26.79,1.0,12.79,1.0,4.0,1.0,MG,pouso alegre,1,1,1
adbeeb0257c8460ca7f66b04857121fd,538,1,64.46,64.46,1.0,15.56,2.0,4.0,1.0,MG,guaxupe,1,1,1
ae74c314b9c383e5d7bcd99d54ffbc71,441,3,1620.03,135.0025,1.25,13.9325,8.25,3.25,1.0,SP,ribeirao preto,3,3,1
aea223346a5f80ca5f8c6f5a1a4e5e78,465,1,105.28,105.28,1.0,15.38,4.0,5.0,1.0,MG,sabara,1,1,1
af12ef07bc82c2f958bb5b12384be27e,246,1,55.24,55.24,1.0,9.34,4.0,5.0,1.0,SP,sao paulo,1,1,2
afb7052400f007bf6c166de1c9f683fe,274,1,175.82,175.82,1.0,16.82,1.0,5.0,1.0,SP,santo andre,1,1,1
afe9d6d9c6f3392215b71f8b2b0c11a7,516,1,64.01,64.01,1.0,14.11,1.0,5.0,1.0,MG,belo horizonte,1,1,1
b0004e82bf1f90c43ffe748ce54be94a,363,1,68.89,68.89,1.0,11.9,3.0,5.0,1.0,SP,sao jose do rio preto,1,1,1
b09fd428208d9ec8da7a41bd1debcc0e,189,1,460.2,230.1,1.5,20.15,1.0,5.0,1.0,RJ,rio de janeiro,1,1,1
b0c4d159d144823807e39529959ea76f,276,1,108.86,108.86,1.0,28.96,6.0,5.0,1.0,BA,salvador,1,1,1
b0c63a55c080a0c9e44bc9506bfe91dd,98,1,33.45,33.45,1.0,7.55,1.0,5.0,1.0,RJ,nilopolis,1,1,1
b0ee7aeb838c0da4ed548629ae1607cf,27,1,115.91,115.91,1.0,15.01,1.0,5.0,1.0,SP,franca,1,1,1
b21ec1735698910d58c344e453cda6d2,193,1,428.25,428.25,1.0,68.26,10.0,4.0,1.0,PR,cascavel,1,1,1
b29e4b51682d4ed20d84d03fdc4d0a8e,541,1,46.99,23.495,1.0,17.09,1.0,5.0,1.0,RJ,volta redonda,1,1,1
b46ace6f12b26ad64443c557953aee62,339,1,392.52,196.26,1.5,10.3,5.0,5.0,1.0,GO,anapolis,2,1,1
b500796aff2ccdca14cd3659f5ec4977,555,1,125.88,125.88,1.0,15.98,5.0,5.0,1.0,SP,sao paulo,1,1,2
b50d00b47e3aeaf4ebad0b840921bc3a,29,1,70.89,70.89,1.0,20.99,1.0,5.0,1.0,SP,ferraz de vasconcelos,1,1,1
b51e5231c8ece4e6f463f2add2e07f60,0,1,34.58,34.58,1.0,8.69,1.0,5.0,1.0,DF,brasilia,1,1,1
b62b78d2b2557632f9fcaadd5d7c27b5,266,1,186.82,186.82,1.0,16.82,3.0,5.0,1.0,SP,santa gertrudes,1,1,1
b6ccdcce8f60189ba221b69e1ee12401,496,1,343.38,171.69,1.5,20.9,2.0,2.0,1.0,BA,ipiau,2,1,1
b6d66f034c53af0aeaa276144f332291,386,1,31.75,31.75,1.0,11.85,1.0,3.0,1.0,SP,sao paulo,1,1,2
b733ee1206d5a9380b95460deeda07d1,277,1,70.95,70.95,1.0,34.15,1.0,5.0,1.0,PB,campina grande,1,1,1
b7555ea31444bc82b8d0b2b813964502,159,1,213.75,213.75,1.0,14.75,3.0,5.0,1.0,SP,ribeirao preto,1,1,1
b9b7a03c01ed2bd7b09072f575faaad1,130,1,535.0,267.5,1.5,13.75,1.0,4.0,1.0,SP,sao paulo,1,1,2
b9f8839c38cfc321ce5b3d3553787ff7,197,1,177.49,88.745,1.0,27.59,5.5,5.0,1.0,MG,uba,1,1,1
ba3dac9f9a3b7b117211a36739e40722,64,1,175.54,175.54,1.0,55.64,3.0,5.0,1.0,SP,guarulhos,1,1,1
baebfe959a654aa97bd3e0b179a31c3c,375,1,467.8,467.8,1.0,17.9,2.0,1.0,1.0,MG,governador valadares,1,1,1
bb64a59eadc044eef240a4f8b988282e,97,1,351.88,175.94,1.5,18.07,10.0,4.0,1.0,RS,sapiranga,1,1,1
bba7d63521ea0c1e114d1afc1f14b7e2,388,1,183.64,183.64,1.0,13.74,2.0,1.0,1.0,SP,cubatao,1,1,1
bbb8c5b1f2649b6d5f1c37ebc9a1a41e,237,1,96.71,96.71,1.0,26.81,1.0,5.0,1.0,MG,contagem,1,1,1
bc06da4ef337c61d455d1e5b95ce9353,97,1,591.54,591.54,1.0,40.55,8.0,4.0,1.0,RS,caxias do sul,1,1,1
bc78253a365ca27ac64b86faa082a834,245,1,37.72,37.72,1.0,8.72,3.0,5.0,1.0,SP,osasco,1,1,1
bcbe49135a6214760ea6ac719e45e765,164,1,546.87,546.87,1.0,16.97,4.0,5.0,1.0,SC,lages,1,1,1
bde74caf8848f8c4bf541c0098f0c9eb,201,1,628.52,314.26,1.5,27.23,4.0,4.0,1.0,RS,porto alegre,1,1,1
bf49396ee81dcff7bb75995c61faa035,151,1,61.32,61.32,1.0,19.32,1.0,4.0,1.0,GO,goiania,1,1,1
bf8b1b6b7a19dc79caa3d1a02a2e00ee,258,1,47.59,47.59,1.0,12.69,1.0,5.0,1.0,SP,maua,1,1,1
bf8ca00c5d6afc2c630663d2fb399552,98,1,56.7,56.7,1.0,13.71,1.0,5.0,1.0,SP,maua,1,1,1
bfdc5f3e29b7de8e04428d6369193802,100,1,114.31,114.31,1.0,15.31,1.0,5.0,1.0,PR,curitiba,1,1,1
c012dc15bf0773671a901e6b6e032c95,472,1,54.63,54.63,1.0,25.63,2.0,1.0,1.0,PE,petrolina,1,1,1
c15446109b7bd781f14dc695eca04143,271,1,133.48,133.48,1.0,16.58,3.0,2.0,1.0,RJ,rio de janeiro,1,1,1
c19b3f0be6cbec152296b8383a971ffb,311,1,106.16,106.16,1.0,16.26,2.0,5.0,1.0,SP,santo andre,1,1,1
c26525a6863cd7b333a3bb8de64eff74,20,1,67.44,67.44,1.0,18.44,6.0,5.0,1.0,SC,trombudo central,1,1,1
c2b85086965c0fed46df434ddd474a9a,248,2,249.4,62.35,1.0,15.855,5.0,5.0,1.0,BA,salvador,2,2,1
c2d3b935a9f246a1edf00661066603b7,435,1,148.45,148.45,1.0,12.45,5.0,5.0,1.0,SP,sorocaba,1,1,1
c36acb527b8f2c464abd036b879f4ec8,80,2,1507.48,376.87,1.0,97.375,4.5,3.5,1.0,RJ,rio de janeiro,1,1,1
c40f5af81ed6752819b393aabc0e275d,399,1,214.03,214.03,1.0,45.03,10.0,2.0,1.0,PE,vitoria de santo antao,1,1,1
c45a227d0dc48199de81e712620b24e8,271,1,170.43,170.43,1.0,21.53,5.0,4.0,1.0,SP,embu das artes,1,1,1
c491d7725de3b32529b2393247767d55,263,1,66.01,66.01,1.0,16.11,2.0,5.0,1.0,MG,belo horizonte,1,1,1
c55821f6a2a59a93d4cde13a2ec14661,371,2,2405.7,200.475,2.0,18.0,10.0,5.0,0.0,MT,alto boa vista,1,2,1
c5a4f43cbaec086210cc75587ecabfe9,28,1,106.82,106.82,1.0,16.82,1.0,5.0,1.0,MG,ribeirao das neves,1,1,1
c6269bc0d501060291945fe5405d23b3,270,1,75.16,75.16,1.0,15.17,1.0,5.0,1.0,DF,brasilia,1,1,1
c679ed73540ae7db607e5a6107082dc2,247,1,75.65,75.65,1.0,16.66,1.0,1.0,1.0,DF,brasilia,1,1,1
c745b63e62dd4ade45d673b2ebb54160,438,1,152.38,152.38,1.0,12.48,1.0,5.0,1.0,SP,ibitinga,1,1,1
c7a1aad0a8d345d73a52343e36daa6e9,335,1,58.85,58.85,1.0,11.85,2.0,1.0,1.0,SP,sao paulo,1,1,2
c7c92d52defccd813e462a6bd33ab16b,167,1,85.05,85.05,1.0,18.35,1.0,5.0,1.0,GO,quirinopolis,1,1,1
c7d1c1a9792b4c5b53f6e88807ec88f6,268,1,111.8,111.8,1.0,11.9,10.0,4.0,1.0,SP,jundiai,1,1,1
c83c41456526926a16e2f95d3652b6d3,202,2,509.91999999999996,127.47999999999999,1.0,18.03,5.5,5.0,1.0,ES,guarapari,2,2,1
c91c021edc02c2af424017d01223f8c8,269,1,157.77,157.77,1.0,18.23,1.0,5.0,1.0,MG,bom despacho,1,1,1
c9e70f489d81d99aa85136bae90b4427,380,1,117.0,117.0,1.0,18.0,5.0,5.0,1.0,SP,diadema,1,1,1
c9fad93b46d16894451eda45daae3e3e,186,1,342.94,342.94,1.0,23.04,6.0,5.0,1.0,RN,natal,1,1,1
caa255455779e909e6bb234b2a88ecc7,130,1,31.03,31.03,1.0,8.88,1.0,5.0,1.0,SP,sao paulo,1,1,2
caa3d56b7a6777daaa2793053bdf2309,262,2,164.22,41.055,1.0,8.56,1.5,5.0,1.0,SP,diadema,2,2,1
cb83caadeeec86515aa495bd52b834f4,296,1,61.84,61.84,1.0,11.85,1.0,5.0,1.0,SP,sao paulo,1,1,2
cbdcaa621583ca59fb72b5cb1866c34f,335,1,75.08,75.08,1.0,15.18,3.0,5.0,1.0,SP,sao paulo,1,1,2
cbef69f1032025de55804dcad4877631,514,1,93.04,93.04,1.0,13.14,9.0,5.0,1.0,SP,sao paulo,1,1,2
cc27b552c1d0c33dc74ab4e926b7006c,483,1,184.39,184.39,1.0,16.39,10.0,5.0,1.0,MG,tres pontas,1,1,1
ccaa4459105c07d60df11ebba645f166,527,1,119.76,119.76,1.0,20.77,8.0,1.0,1.0,MG,belo horizonte,1,1,1
ccc0bfa155686baf816eb6d8ae01e2e5,150,1,486.86,486.86,1.0,43.86,6.0,5.0,1.0,SP,sao paulo,1,1,2
ce6fe00734c727c4543c7191f68d1ca0,518,1,412.4,412.4,1.0,13.4,5.0,3.0,1.0,SP,sao paulo,1,1,2
cfb025f193db116549c9c23e4d58e3e3,238,2,224.01999999999998,56.004999999999995,1.0,10.605,3.5,5.0,1.0,SP,campinas,2,2,1
d0ff1a7468fcc46b8fc658ab35d2a12c,275,1,29.75,29.75,1.0,11.85,1.0,5.0,1.0,SP,hortolandia,1,1,1
d11ed99698ed346d3be631912dd7712e,70,1,489.6,244.8,1.5,13.5,2.0,5.0,1.0,SP,taubate,1,1,1
d132b863416f85f2abb1a988ca05dd12,32,3,6941.1,462.74,1.4,14.758000000000001,2.2,5.0,1.0,SP,santo andre,2,3,1
d13ab1b949e9fdc5768873bc77f539b2,267,1,183.22,183.22,1.0,13.32,1.0,4.0,1.0,SP,sao paulo,1,1,2
d194eea5b8f6b67992f5a3ca32ac401c,337,1,383.16,191.58,1.5,17.8,10.0,5.0,1.0,RS,estancia velha,1,1,1
d1aef037cd06ae9e8018d05efd0ed17a,526,1,1648.64,1648.64,1.0,59.64,8.0,5.0,1.0,SC,taio,1,1,1
d21f78bff331ce1fe009f3ac67fdca4d,184,1,109.18,109.18,1.0,16.28,5.0,5.0,1.0,SP,sao paulo,1,1,2
d22c371365b88420a4d188f3f0cdb719,211,1,44.09,44.09,1.0,14.1,3.0,5.0,1.0,MG,belo horizonte,1,1,1
d249f687644a10a2680fcf334511beb0,556,1,55.46,55.46,1.0,15.56,2.0,5.0,1.0,MG,resplendor,1,1,1
d2cdc1bc229c5e1848f8f7ce60a415f7,309,1,293.36,146.68,1.5,13.44,2.0,5.0,1.0,SP,embu das artes,1,1,1
d2d4ae284fb74a5b0f0f8af418a64b3f,132,1,266.5,266.5,1.0,16.6,3.0,5.0,1.0,SP,sao paulo,1,1,2
d33c5d355ab0a46b3fc4e41f2c99f19c,313,1,93.52,93.52,1.0,19.76,3.0,5.0,1.0,BA,cicero dantas,1,1,1
d3bbebdc135a43b1055c64b99fca7e53,488,1,125.67999999999999,31.419999999999998,1.5,14.52,1.0,3.0,1.0,SP,sao paulo,1,1,2
d4b5e8243b9a0ba1b8f525681490739c,262,1,32.15,32.15,1.0,11.85,1.0,5.0,1.0,SP,barra bonita,1,1,1
d4d43f25b59d9e22be5c238a77c52eb3,560,1,149.0,149.0,1.0,29.03,1.0,5.0,1.0,RJ,rio de janeiro,1,1,1
d7de5586c7e33a1a5ba68e9c1d336b8a,37,1,181.66,181.66,1.0,44.76,1.0,4.0,1.0,PR,curitiba,1,1,1
d9ff2c2a02516ec8114c1a4cabade69f,342,1,73.34,73.34,1.0,13.44,1.0,5.0,1.0,SP,sao bernardo do campo,1,1,1
dab089fa65bb034be33093c57a1d4378,41,1,54.44,54.44,1.0,19.44,1.0,5.0,1.0,SP,osasco,1,1,1
db8f7a5276f97221dacccbf8ef9fbbc9,222,1,205.4,205.4,1.0,36.5,2.0,3.0,1.0,BA,camacari,1,1,1
dc07569e18bd58e56458fee7f50838a3,302,1,35.1,35.1,1.0,15.1,1.0,3.0,1.0,RS,ijui,1,1,1
dc1f3e90dc290f7709291d4694eaa2a8,401,1,354.59,354.59,1.0,15.39,10.0,5.0,1.0,MG,belo horizonte,1,1,1
dc2060f2771ddbcf103a8267d198a88a,100,1,133.71,133.71,1.0,15.71,1.0,5.0,1.0,SP,caieiras,1,1,1
dc7ce0b97f59c30ae92cb43522bb3682,362,1,29.84,29.84,1.0,9.94,1.0,5.0,1.0,SP,sao paulo,1,1,2
dc87b4f4f0af2ecaa16efb92ca1d34fb,551,1,90.17,90.17,1.0,21.17,9.0,1.0,1.0,BA,salvador,1,1,1
dd33e31b3963afbc9bf2b882d3fadfe3,34,1,143.67,143.67,1.0,45.67,1.0,5.0,1.0,SP,sao paulo,1,1,2
df2303f3a52e675813bd5bb8152ba3ba,189,1,78.71,78.71,1.0,8.72,7.0,4.0,1.0,SP,sao paulo,1,1,2
df9ad365d2f2a3be931ce4f69e57206a,82,1,77.8,77.8,1.0,13.81,7.0,4.0,1.0,SP,ituverava,1,1,1
dfa91a18c3571d25de69331bd046ac6a,127,1,124.85,124.85,1.0,14.85,1.0,4.0,1.0,SP,barueri,1,1,1
e0298e0626c3f75d94a60dc6628f27cc,157,1,47.03,47.03,1.0,19.04,1.0,5.0,1.0,PE,jaboatao dos guararapes,1,1,1
e0c99ffdcd8891130985ac90cd2d8eec,331,3,1766.13,147.1775,1.0,38.9075,1.25,5.0,1.0,MG,claudio,3,3,1
e10c33b62b6a9803573369ae09da44cb,473,1,125.42,125.42,1.0,15.52,1.0,5.0,1.0,PR,umuarama,1,1,1
e1271d8a2ce007bdd8b40df8a0ded843,0,1,94.83,94.83,1.0,18.83,1.0,5.0,1.0,SP,santo andre,1,1,1
e1759df850b705947d579706a107beaa,269,1,77.66,77.66,1.0,17.67,1.0,3.0,1.0,MG,belo horizonte,1,1,1
e185c409705237e14313f1ea04f1699d,356,1,3097.0499999999997,1032.35,2.0,20.786666666666665,10.0,5.0,1.0,SP,ribeirao preto,1,1,1
e1abd1dec927a860e3233c33b728b49e,78,1,36.69,36.69,1.0,12.79,3.0,5.0,1.0,SP,mococa,1,1,1
e1b278ac98136ff6294baa3da174eaf8,168,1,55.4,55.4,1.0,8.4,1.0,5.0,1.0,SP,sao paulo,1,1,2
e21614b8b57fb38f71d8548468271a7c,37,1,94.14,94.14,1.0,14.14,1.0,5.0,1.0,SP,taboao da serra,1,1,1
e2f069490a9858578ee0accb5331631b,96,1,61.61,61.61,1.0,13.71,1.0,5.0,1.0,SP,ribeirao preto,1,1,1
e359c198636cbca8537e6c073d2d9551,486,1,190.4,190.4,1.0,15.4,1.0,5.0,1.0,RJ,sao goncalo,1,1,1
e3af747ef43dd03df11012e3511b0361,278,1,120.17,120.17,1.0,21.18,4.0,5.0,1.0,GO,goiania,1,1,1
e4358ccf35d84b13c3c9be8535ebd6f4,38,1,37.83,37.83,1.0,12.84,1.0,4.0,1.0,SP,taubate,1,1,1
e435b5e7210e287ae7487d7e384834f2,8,1,193.92,96.96,1.5,9.49,1.0,5.0,1.0,SP,campinas,1,1,1
e4ee1aae54254348f5712bf41152bc20,522,1,63.09,63.09,1.0,17.19,1.0,3.0,1.0,DF,brasilia,1,1,1
e501f5b443ca67268a4811dbc206e06f,451,1,89.86,89.86,1.0,15.96,2.0,5.0,1.0,MG,betim,1,1,1
e5c6d5e98f3bd80987b6248a9aed517a,217,1,21.28,21.28,1.0,7.78,1.0,5.0,1.0,SP,santo andre,1,1,1
e5ef6ccda2a58a5e757397c302f45da6,156,1,103.92,103.92,1.0,8.02,2.0,5.0,1.0,SP,osasco,1,1,1
e5f79a6107cfa4b9f6282c13a61e2604,356,1,103.55,103.55,1.0,13.65,1.0,5.0,1.0,SP,sao paulo,1,1,2
e81d500c869aff794ce78f4df24ee946,374,1,1537.38,512.46,2.0,15.83,4.0,1.0,1.0,RJ,iguaba grande,1,1,1
e8a2dad9972d90985fec118534589519,198,1,27.68,27.68,1.0,7.78,1.0,5.0,1.0,SP,itapecerica da serra,1,1,2
e8a398ff29ecd32cd95796a2fe0de274,504,1,214.65,214.65,1.0,18.66,8.0,5.0,1.0,SP,sao bernardo do campo,1,1,1
e8da63b2f86c44c750599dbe9d95b7d2,79,2,298.24,74.56,1.0,18.310000000000002,1.0,5.0,1.0,MG,contagem,1,1,1
ea75fb7f0c8d3cee2a7bfbef96074956,341,1,24.75,12.375,1.0,11.85,1.0,3.0,1.0,SP,valparaiso,1,1,1
eae0a83d752b1dd32697e0e7b4221656,120,2,50103.78,1670.126,5.066666666666666,64.08533333333334,8.933333333333334,3.0,1.0,BA,cicero dantas,1,1,1
ecb7c122cb9faf3c3441d9ce1b5dd2eb,259,1,30.0,30.0,1.0,15.1,1.0,4.0,1.0,SC,itajai,1,1,1
ed1cad5e10122c2c5dd56f8bf6a18576,270,1,136.98,68.49,1.5,16.445,2.0,1.0,1.0,MS,corumba,1,2,1
ed8d3a85dcebf694f8dde843f3cef35a,574,1,154.66,154.66,1.0,16.67,10.0,5.0,1.0,RS,sao leopoldo,1,1,1
ee604e52be2a15c28ff587fdeb51b68a,175,1,558.43,558.43,1.0,18.53,8.0,5.0,1.0,RJ,barra mansa,1,1,1
ee8602ef403d6835792a531091c924aa,195,1,273.26,136.63,1.5,27.815,8.0,5.0,1.0,PA,sao felix do xingu,1,1,1
ef0e85848b6a00e7d41318ae87025954,268,1,39.6,39.6,1.0,15.1,1.0,1.0,1.0,RS,santa cruz do sul,1,1,1
efcac27a9cb4afabc3e8769a348e739d,314,1,80.91,80.91,1.0,20.91,1.0,5.0,1.0,MT,alta floresta,1,1,1
efdcdf4a6c291b560ff2f9176ac511cf,157,1,87.36,87.36,1.0,18.36,3.0,1.0,1.0,MG,sete lagoas,1,1,1
f0d44f58d4630bde4ab50f35cc9ae5fa,345,1,203.34,203.34,1.0,14.34,1.0,4.0,1.0,SP,itaquaquecetuba,1,1,1
f1ba7177a432443977dc3df9fa8dce63,394,1,164.7,164.7,1.0,14.8,8.0,4.0,1.0,RS,porto alegre,1,1,1
f1e656bf22735f8b1ba541d4890e1763,12,1,70.49,70.49,1.0,15.49,3.0,5.0,1.0,RJ,rio de janeiro,1,1,1
f211894b1985adca8b6866556f7f6aec,350,1,30.02,30.02,1.0,11.85,3.0,5.0,1.0,SP,cacapava,1,1,1
f2d9562362aaaceb134e071eacb37915,237,1,118.17,118.17,1.0,18.27,2.0,5.0,1.0,SC,penha,1,1,1
f2ed0b553f9663247741bc9f2e36efb1,200,1,87.64,87.64,1.0,17.74,3.0,5.0,1.0,RJ,rio de janeiro,1,1,1
f3bfb60ca5b2f042743d6bfa40d14841,204,1,86.73,86.73,1.0,17.73,1.0,5.0,1.0,PR,maringa,1,1,1
f588b3e8c3a92284c02a5f3b0728d987,163,1,80.98,80.98,1.0,20.99,1.0,5.0,1.0,SP,sao paulo,1,1,2
f69997c284fc08bb8eb98cbbd3670ae6,194,1,310.28,155.14,1.5,17.67,1.0,1.0,1.0,SP,sao paulo,1,1,2
f6b24980bbfdc9bd9420a481a20f5f64,219,1,85.8,85.8,1.0,7.8,1.0,1.0,1.0,SP,sao paulo,1,1,2
f6fb801d4acdbd2a0de39961877dacba,64,1,18.29,18.29,1.0,7.39,1.0,5.0,1.0,SP,atibaia,1,1,1
f714fd5260fc9d9f1b9628afe96e488a,268,1,85.92,85.92,1.0,15.93,4.0,5.0,1.0,RS,novo hamburgo,1,1,1
f7e99a73ba3a60facb544bd69ed7c41a,7,1,86.04,86.04,1.0,23.24,1.0,5.0,1.0,RJ,rio de janeiro,1,1,1
f7f7c86a6751896d012ebbe10e3fc6f3,267,2,199.5,49.875,1.0,13.475,1.0,5.0,1.0,SP,sao carlos,1,2,1
f800f4fee308e83d575f98917229bc6b,49,1,113.27,113.27,1.0,14.27,1.0,5.0,1.0,SP,sud mennucci,1,1,1
f883c98cb767e658c5b0e92b3ad65285,538,1,30.27,30.27,1.0,14.52,1.0,5.0,1.0,MG,sao joao del rei,1,1,1
f8c680f325076e63a1d68880937258b2,125,1,260.23,260.23,1.0,38.24,8.0,5.0,1.0,CE,baturite,1,1,1
f9393bfe2de520787f6586a83abcfa79,490,1,79.62,79.62,1.0,14.62,1.0,5.0,1.0,SP,vargem grande paulista,1,1,1
f9cad2615f9abac4488292a4f03abc1b,179,1,326.92,326.92,1.0,17.92,1.0,5.0,1.0,RS,lavras do sul,1,1,1
fa09d685759fe05a524c8563253344f3,13,1,212.89,106.445,1.0,23.99,1.0,5.0,1.0,BA,itabuna,1,1,1
fa897856f19a95faf61b1fe22bfd0ace,536,1,60.99,8.712857142857143,1.0,17.09,1.0,5.0,1.0,RJ,rio de janeiro,1,1,1
fb3052d29cb67e5c4b22f9a44ae97fba,31,1,122.01,122.01,1.0,49.02,3.0,5.0,1.0,CE,fortaleza,1,1,1
fcb030a53d324f1642eeed9a05c75d7d,511,1,114.86,114.86,1.0,14.87,1.0,5.0,1.0,SC,sao bento do sul,1,1,1
fd9ec1edc24c8e14a0ec6d43a4a784e2,255,1,72.43,72.43,1.0,13.43,1.0,5.0,1.0,SP,sao bernardo do campo,1,1,1
fe6a76c801bc48ef40ee03170832f416,414,1,68.89,68.89,1.0,11.9,1.0,5.0,1.0,SP,sao jose do rio pardo,1,1,1
ffe204b1bb8026741b839085b2fd10f2,13,1,156.7,156.7,1.0,27.21,1.0,4.0,1.0,ES,aracruz,1,1,1
